Datetime,Water Level (m)
2025-06-13 12:00:00,0.36438054
2025-06-13 13:00:00,-0.21409324
2025-06-13 14:00:00,-0.7821523
2025-06-13 15:00:00,-1.1418732
2025-06-13 16:00:00,-0.9973926
2025-06-13 17:00:00,-0.25520504
2025-06-13 18:00:00,0.4367793
2025-06-13 19:00:00,0.93156976
2025-06-13 20:00:00,1.2587092
2025-06-13 21:00:00,1.3986226
2025-06-13 22:00:00,1.2199337
2025-06-13 23:00:00,0.7570176
2025-06-14 00:00:00,0.20227306
2025-06-14 01:00:00,-0.37444377
2025-06-14 02:00:00,-0.9130236
2025-06-14 03:00:00,-1.1884134
2025-06-14 04:00:00,-0.8214906
2025-06-14 05:00:00,0.0007741886
2025-06-14 06:00:00,0.789237
2025-06-14 07:00:00,1.3636478
2025-06-14 08:00:00,1.8509063
2025-06-14 09:00:00,2.0493045
2025-06-14 10:00:00,1.9299272
2025-06-14 11:00:00,1.4993105
2025-06-14 12:00:00,0.84665155
2025-06-14 13:00:00,0.19004302
2025-06-14 14:00:00,-0.40947407
2025-06-14 15:00:00,-0.9397447
2025-06-14 16:00:00,-1.1640875
2025-06-14 17:00:00,-0.7197668
2025-06-14 18:00:00,0.02657688
2025-06-14 19:00:00,0.6940101
2025-06-14 20:00:00,1.1228592
2025-06-14 21:00:00,1.4002147
2025-06-14 22:00:00,1.439616
2025-06-14 23:00:00,1.1608182
2025-06-15 00:00:00,0.65787375
2025-06-15 01:00:00,0.09083089
2025-06-15 02:00:00,-0.4903938
2025-06-15 03:00:00,-0.95051515
2025-06-15 04:00:00,-1.0711989
2025-06-15 05:00:00,-0.4574627
2025-06-15 06:00:00,0.35028455
2025-06-15 07:00:00,1.0516288
2025-06-15 08:00:00,1.5847347
2025-06-15 09:00:00,1.9963027
2025-06-15 10:00:00,2.1204967
2025-06-15 11:00:00,1.87716
2025-06-15 12:00:00,1.386465
2025-06-15 13:00:00,0.73417175
2025-06-15 14:00:00,0.0912815
2025-06-15 15:00:00,-0.5017461
2025-06-15 16:00:00,-0.90528977
2025-06-15 17:00:00,-0.8662554
2025-06-15 18:00:00,-0.20838405
2025-06-15 19:00:00,0.5033449
2025-06-15 20:00:00,1.050595
2025-06-15 21:00:00,1.4704318
2025-06-15 22:00:00,1.7611207
2025-06-15 23:00:00,1.7433252
2025-06-16 00:00:00,1.4084647
2025-06-16 01:00:00,0.85341066
2025-06-16 02:00:00,0.272766
2025-06-16 03:00:00,-0.2755074
2025-06-16 04:00:00,-0.6706048
2025-06-16 05:00:00,-0.6725923
2025-06-16 06:00:00,0.0033896344
2025-06-16 07:00:00,0.728196
2025-06-16 08:00:00,1.2982129
2025-06-16 09:00:00,1.8292403
2025-06-16 10:00:00,2.120293
2025-06-16 11:00:00,2.1391096
2025-06-16 12:00:00,1.8111606
2025-06-16 13:00:00,1.2376487
2025-06-16 14:00:00,0.5723906
2025-06-16 15:00:00,-0.03119137
2025-06-16 16:00:00,-0.5951932
2025-06-16 17:00:00,-0.89208555
2025-06-16 18:00:00,-0.6838287
2025-06-16 19:00:00,0.04613655
2025-06-16 20:00:00,0.70665705
2025-06-16 21:00:00,1.2069558
2025-06-16 22:00:00,1.6071357
2025-06-16 23:00:00,1.7928478
2025-06-17 00:00:00,1.6933687
2025-06-17 01:00:00,1.3279458
2025-06-17 02:00:00,0.759297
2025-06-17 03:00:00,0.17391261
2025-06-17 04:00:00,-0.34023467
2025-06-17 05:00:00,-0.70757765
2025-06-17 06:00:00,-0.6017611
2025-06-17 07:00:00,0.10934766
2025-06-17 08:00:00,0.799975
2025-06-17 09:00:00,1.3369666
2025-06-17 10:00:00,1.8061723
2025-06-17 11:00:00,2.0291061
2025-06-17 12:00:00,1.9704424
2025-06-17 13:00:00,1.6023008
2025-06-17 14:00:00,1.0156429
2025-06-17 15:00:00,0.3892111
2025-06-17 16:00:00,-0.19053634
2025-06-17 17:00:00,-0.71976525
2025-06-17 18:00:00,-0.9560896
2025-06-17 19:00:00,-0.65024006
2025-06-17 20:00:00,0.054882515
2025-06-17 21:00:00,0.6990253
2025-06-17 22:00:00,1.1898065
2025-06-17 23:00:00,1.5753049
2025-06-18 00:00:00,1.7423846
2025-06-18 01:00:00,1.626834
2025-06-18 02:00:00,1.2658811
2025-06-18 03:00:00,0.6865488
2025-06-18 04:00:00,0.13750735
2025-06-18 05:00:00,-0.3592793
2025-06-18 06:00:00,-0.69534606
2025-06-18 07:00:00,-0.56539977
2025-06-18 08:00:00,0.11208354
2025-06-18 09:00:00,0.75850135
2025-06-18 10:00:00,1.2450911
2025-06-18 11:00:00,1.6834162
2025-06-18 12:00:00,1.8879559
2025-06-18 13:00:00,1.8137435
2025-06-18 14:00:00,1.4521918
2025-06-18 15:00:00,0.875242
2025-06-18 16:00:00,0.28502142
2025-06-18 17:00:00,-0.2956302
2025-06-18 18:00:00,-0.767432
2025-06-18 19:00:00,-0.9784031
2025-06-18 20:00:00,-0.6138667
2025-06-18 21:00:00,0.09998893
2025-06-18 22:00:00,0.72944915
2025-06-18 23:00:00,1.2231854
2025-06-19 00:00:00,1.6070287
2025-06-19 01:00:00,1.774896
2025-06-19 02:00:00,1.6591862
2025-06-19 03:00:00,1.2990147
2025-06-19 04:00:00,0.7444259
2025-06-19 05:00:00,0.18544699
2025-06-19 06:00:00,-0.29962885
2025-06-19 07:00:00,-0.6163065
2025-06-19 08:00:00,-0.5478806
2025-06-19 09:00:00,0.06846724
2025-06-19 10:00:00,0.6949866
2025-06-19 11:00:00,1.1896244
2025-06-19 12:00:00,1.5914514
